date,temperature_avg,humidity_avg,wind_speed_max
2020-01-01,3.6,75,9.6
2020-01-02,4.1,84,11.4
2020-01-03,4.8,85,10.2
2020-01-04,6.4,85,8.6
2020-01-05,6.2,75,16.6
2020-01-06,4.6,63,18.6
2020-01-07,2.7,77,8.5
2020-01-08,5.9,76,9.7
2020-01-09,3.8,79,9.5
2020-01-10,5.4,80,9.0
2020-01-11,5.6,78,9.2
2020-01-12,5.2,83,10.8
2020-01-13,5.3,81,8.0
2020-01-14,6.9,79,8.0
2020-01-15,5.3,77,8.6
2020-01-16,5.4,80,8.7
2020-01-17,5.7,84,8.8
2020-01-18,7.9,90,16.6
2020-01-19,7.1,85,11.5
2020-01-20,7.9,65,11.8
2020-01-21,6.8,79,10.5
2020-01-22,6.7,82,8.3
2020-01-23,6.3,82,8.4
2020-01-24,7.4,82,16.3
2020-01-25,10.9,84,17.0
2020-01-26,8.7,86,8.1
2020-01-27,8.0,88,12.4
2020-01-28,11.8,85,19.3
2020-01-29,10.7,85,11.2
2020-01-30,8.5,83,12.0
2020-01-31,11.5,83,10.2
2020-02-01,11.4,88,12.7
2020-02-02,12.8,87,9.6
2020-02-03,13.6,83,8.6
2020-02-04,13.0,79,37.0
2020-02-05,7.8,50,27.5
2020-02-06,6.8,44,29.5
2020-02-07,4.2,69,11.0
2020-02-08,5.5,71,10.0
2020-02-09,7.6,79,13.1
2020-02-10,11.9,86,20.1
2020-02-11,13.6,84,16.0
2020-02-12,10.7,82,11.5
2020-02-13,9.5,80,19.5
2020-02-14,11.9,73,20.5
2020-02-15,8.7,72,11.0
2020-02-16,8.3,81,11.6
2020-02-17,8.6,83,10.7
2020-02-18,10.2,86,9.1
2020-02-19,9.8,88,11.3
2020-02-20,9.0,71,15.6
2020-02-21,7.6,77,10.1
2020-02-22,8.3,77,13.9
2020-02-23,9.4,83,13.4
2020-02-24,11.9,83,10.7
2020-02-25,12.5,78,18.7
2020-02-26,11.9,68,38.6
2020-02-27,8.8,59,19.5
2020-02-28,11.7,65,23.2
2020-02-29,9.2,66,19.4
2020-03-01,12.8,80,30.1
2020-03-02,13.0,85,35.7
2020-03-03,10.7,73,31.2
2020-03-04,8.7,77,12.7
2020-03-05,8.8,72,26.1
2020-03-06,12.3,79,30.4
2020-03-07,9.4,82,15.9
2020-03-08,9.6,64,22.2
2020-03-09,8.2,72,9.4
2020-03-10,9.5,72,14.4
2020-03-11,10.3,75,13.0
2020-03-12,11.5,83,13.7
2020-03-13,12.3,86,9.7
2020-03-14,13.0,85,7.8
2020-03-15,12.4,71,18.9
2020-03-16,10.7,65,15.2
2020-03-17,10.7,78,16.4
2020-03-18,11.7,75,14.2
2020-03-19,11.5,73,14.8
2020-03-20,12.0,70,14.6
2020-03-21,11.9,68,13.2
2020-03-22,13.3,71,15.8
2020-03-23,9.0,47,28.8
2020-03-24,5.3,46,24.2
2020-03-25,6.4,55,19.5
2020-03-26,7.2,89,24.7
2020-03-27,10.1,85,17.4
2020-03-28,10.5,84,12.7
2020-03-29,11.5,84,13.0
2020-03-30,11.8,83,10.6
2020-03-31,10.4,75,26.0
2020-04-01,7.6,53,27.0
2020-04-02,7.0,66,10.1
2020-04-03,9.4,72,18.7
2020-04-04,11.2,57,23.7
2020-04-05,13.0,50,23.2
2020-04-06,13.5,58,17.9
2020-04-07,13.2,63,17.8
2020-04-08,13.3,64,14.9
2020-04-09,13.5,66,17.1
2020-04-10,13.9,68,17.9
2020-04-11,14.6,67,19.1
2020-04-12,15.2,71,15.6
2020-04-13,15.3,67,19.5
2020-04-14,13.1,74,18.4
2020-04-15,12.6,57,26.1
2020-04-16,12.3,73,14.3
2020-04-17,13.9,75,14.5
2020-04-18,15.0,84,16.0
2020-04-19,16.4,82,15.0
2020-04-20,16.5,95,10.6
2020-04-21,16.2,88,9.6
2020-04-22,14.3,91,12.3
2020-04-23,15.1,79,12.7
2020-04-24,14.3,76,14.7
2020-04-25,14.8,77,18.2
2020-04-26,14.7,75,16.1
2020-04-27,15.1,78,15.9
2020-04-28,15.4,87,21.0
2020-04-29,16.1,80,20.6
2020-04-30,15.1,75,20.0
2020-05-01,17.4,72,19.5
2020-05-02,18.4,72,18.4
2020-05-03,18.0,66,20.5
2020-05-04,15.4,65,16.2
2020-05-05,16.5,62,15.1
2020-05-06,18.4,67,14.3
2020-05-07,17.8,62,22.3
2020-05-08,17.1,62,15.8
2020-05-09,17.3,61,14.7
2020-05-10,19.9,53,13.3
2020-05-11,18.6,63,21.5
2020-05-12,19.4,67,20.1
2020-05-13,21.6,53,31.4
2020-05-14,23.9,48,21.6
2020-05-15,20.7,60,15.9
2020-05-16,22.1,51,26.1
2020-05-17,23.7,56,28.2
2020-05-18,22.5,63,19.8
2020-05-19,20.4,70,17.7
2020-05-20,18.5,78,18.7
2020-05-21,20.8,50,21.3
2020-05-22,19.8,53,23.9
2020-05-23,20.9,60,18.3
2020-05-24,21.2,57,15.8
2020-05-25,21.1,62,22.5
2020-05-26,20.8,43,22.0
2020-05-27,19.5,37,17.3
2020-05-28,18.6,49,25.4
2020-05-29,16.1,76,13.6
2020-05-30,15.9,73,16.6
2020-05-31,17.2,70,18.3
2020-06-01,18.3,67,17.6
2020-06-02,18.9,66,16.7
2020-06-03,19.8,67,17.7
2020-06-04,20.5,66,30.9
2020-06-05,19.0,80,28.2
2020-06-06,19.5,70,21.1
2020-06-07,20.3,71,21.3
2020-06-08,20.5,74,21.4
2020-06-09,19.6,70,20.4
2020-06-10,17.7,75,24.0
2020-06-11,16.9,82,17.4
2020-06-12,18.3,73,15.5
2020-06-13,19.7,77,22.6
2020-06-14,19.8,79,20.4
2020-06-15,20.5,77,15.1
2020-06-16,20.5,78,17.4
2020-06-17,19.9,82,17.9
2020-06-18,20.5,73,17.0
2020-06-19,20.3,71,16.0
2020-06-20,21.7,65,17.2
2020-06-21,21.5,62,18.0
2020-06-22,23.2,59,16.6
2020-06-23,24.8,50,18.2
2020-06-24,24.2,50,20.4
2020-06-25,24.4,56,17.7
2020-06-26,25.1,53,19.4
2020-06-27,25.1,49,20.9
2020-06-28,25.7,49,20.6
2020-06-29,25.6,60,18.8
2020-06-30,25.6,64,20.0
2020-07-01,26.0,65,17.3
2020-07-02,26.8,62,17.4
2020-07-03,26.4,70,13.6
2020-07-04,24.1,76,11.9
2020-07-05,25.2,56,17.7
2020-07-06,25.1,57,19.1
2020-07-07,26.4,59,17.4
2020-07-08,25.3,62,18.6
2020-07-09,26.4,61,19.7
2020-07-10,26.9,52,18.4
2020-07-11,26.3,59,19.3
2020-07-12,27.1,64,15.3
2020-07-13,25.7,61,23.1
2020-07-14,24.4,43,18.7
2020-07-15,24.2,58,15.4
2020-07-16,23.8,62,15.6
2020-07-17,23.9,70,13.0
2020-07-18,24.0,51,15.6
2020-07-19,24.1,41,14.3
2020-07-20,24.7,53,24.1
2020-07-21,26.8,57,20.5
2020-07-22,27.9,48,21.4
2020-07-23,27.1,53,19.0
2020-07-24,26.4,62,21.8
2020-07-25,26.6,54,14.7
2020-07-26,25.5,50,18.8
2020-07-27,27.0,51,20.7
2020-07-28,27.3,56,17.1
2020-07-29,28.3,57,18.8
2020-07-30,29.6,54,20.0
2020-07-31,29.6,54,16.7
2020-08-01,29.7,52,18.3
2020-08-02,28.8,61,20.9
2020-08-03,27.7,63,30.1
2020-08-04,24.7,54,27.1
2020-08-05,23.9,54,16.8
2020-08-06,25.5,51,19.6
2020-08-07,26.3,51,22.8
2020-08-08,28.2,43,18.7
2020-08-09,28.9,42,16.6
2020-08-10,28.0,49,19.4
2020-08-11,28.1,58,13.8
2020-08-12,27.7,57,16.6
2020-08-13,28.1,54,17.6
2020-08-14,27.8,54,21.7
2020-08-15,28.0,67,18.8
2020-08-16,27.4,61,17.8
2020-08-17,26.9,63,16.1
2020-08-18,26.1,66,14.8
2020-08-19,26.7,53,20.8
2020-08-20,26.8,54,18.4
2020-08-21,27.6,53,20.1
2020-08-22,27.0,53,18.9
2020-08-23,26.8,68,19.0
2020-08-24,26.2,66,21.6
2020-08-25,26.3,60,18.7
2020-08-26,26.5,64,20.3
2020-08-27,26.6,69,18.7
2020-08-28,27.0,61,20.5
2020-08-29,28.2,50,26.7
2020-08-30,26.1,69,33.5
2020-08-31,19.6,82,20.4
2020-09-01,19.5,71,12.6
2020-09-02,20.1,75,13.0
2020-09-03,21.6,73,13.3
2020-09-04,21.6,73,16.9
2020-09-05,22.3,73,13.0
2020-09-06,22.5,75,16.2
2020-09-07,22.7,70,12.0
2020-09-08,24.7,64,15.6
2020-09-09,25.1,65,13.6
2020-09-10,25.2,67,14.2
2020-09-11,24.5,69,12.4
2020-09-12,24.4,67,14.8
2020-09-13,25.8,58,13.4
2020-09-14,25.6,56,16.8
2020-09-15,25.6,53,9.5
2020-09-16,24.9,58,11.0
2020-09-17,25.1,58,9.0
2020-09-18,24.4,59,13.4
2020-09-19,23.7,64,15.0
2020-09-20,22.5,75,15.5
2020-09-21,21.1,87,10.9
2020-09-22,20.6,82,17.0
2020-09-23,19.9,86,14.0
2020-09-24,20.9,82,15.1
2020-09-25,20.7,76,33.1
2020-09-26,15.4,70,21.0
2020-09-27,13.1,88,25.8
2020-09-28,13.6,82,14.1
2020-09-29,14.6,78,9.0
2020-09-30,16.5,79,12.1
2020-10-01,17.0,83,12.4
2020-10-02,18.9,72,24.4
2020-10-03,19.5,74,30.0
2020-10-04,17.4,76,22.6
2020-10-05,18.1,76,21.7
2020-10-06,16.8,75,12.2
2020-10-07,18.1,87,24.7
2020-10-08,16.2,68,18.1
2020-10-09,14.8,78,12.0
2020-10-10,15.8,81,10.9
2020-10-11,15.8,87,17.7
2020-10-12,14.1,81,14.0
2020-10-13,13.0,74,15.5
2020-10-14,15.2,80,26.7
2020-10-15,14.7,83,24.1
2020-10-16,13.0,81,16.0
2020-10-17,13.0,87,9.2
2020-10-18,12.4,82,7.7
2020-10-19,12.9,80,7.8
2020-10-20,12.6,80,8.5
2020-10-21,13.2,78,11.2
2020-10-22,14.0,79,8.0
2020-10-23,16.6,82,13.6
2020-10-24,16.2,89,16.9
2020-10-25,14.0,87,6.8
2020-10-26,16.2,79,29.1
2020-10-27,14.6,79,19.9
2020-10-28,12.4,77,13.5
2020-10-29,12.1,81,8.9
2020-10-30,13.1,84,8.7
2020-10-31,13.2,87,10.2
2020-11-01,13.9,89,9.0
2020-11-02,14.1,86,7.7
2020-11-03,14.2,86,11.5
2020-11-04,14.5,88,7.9
2020-11-05,14.6,84,10.1
2020-11-06,14.1,81,8.9
2020-11-07,13.0,86,8.4
2020-11-08,12.6,88,8.7
2020-11-09,12.4,84,8.3
2020-11-10,12.7,87,9.2
2020-11-11,13.4,87,8.1
2020-11-12,13.5,90,8.3
2020-11-13,13.1,87,7.9
2020-11-14,13.8,90,8.2
2020-11-15,14.3,89,10.0
2020-11-16,15.6,91,15.6
2020-11-17,13.8,78,24.5
2020-11-18,13.2,80,15.2
2020-11-19,11.7,88,8.7
2020-11-20,11.3,89,27.4
2020-11-21,10.0,55,29.7
2020-11-22,7.3,62,24.5
2020-11-23,8.2,79,9.7
2020-11-24,8.8,84,10.9
2020-11-25,8.6,86,7.5
2020-11-26,8.4,87,8.2
2020-11-27,10.4,85,6.6
2020-11-28,10.7,81,9.8
2020-11-29,11.1,79,18.7
2020-11-30,10.0,79,12.7
2020-12-01,10.4,81,19.4
2020-12-02,10.0,90,19.9
2020-12-03,8.6,89,11.8
2020-12-04,9.4,80,23.5
2020-12-05,14.3,79,29.4
2020-12-06,10.5,91,30.3
2020-12-07,9.0,84,19.0
2020-12-08,11.2,88,28.7
2020-12-09,9.7,87,15.9
2020-12-10,8.6,82,13.6
2020-12-11,8.3,84,8.7
2020-12-12,7.5,85,11.9
2020-12-13,7.1,80,17.9
2020-12-14,6.3,81,11.9
2020-12-15,4.7,85,9.8
2020-12-16,6.8,83,7.9
2020-12-17,6.6,83,8.7
2020-12-18,7.0,86,8.9
2020-12-19,6.6,87,9.1
2020-12-20,7.3,85,7.7
2020-12-21,7.4,83,10.0
2020-12-22,7.8,87,8.4
2020-12-23,9.6,89,9.2
2020-12-24,12.8,88,20.2
2020-12-25,11.7,79,23.0
2020-12-26,6.7,89,17.7
2020-12-27,4.9,84,18.7
2020-12-28,9.5,77,41.4
2020-12-29,9.7,80,16.5
2020-12-30,8.5,88,14.1
2020-12-31,6.2,84,8.9
2021-01-01,8.1,78,20.9
2021-01-02,9.4,85,30.4
2021-01-03,7.8,84,17.9
2021-01-04,7.2,83,13.6
2021-01-05,7.3,87,23.1
2021-01-06,6.9,81,13.1
2021-01-07,4.6,87,8.6
2021-01-08,5.6,86,9.7
2021-01-09,5.4,88,16.8
2021-01-10,6.6,89,19.0
2021-01-11,4.6,76,18.4
2021-01-12,4.7,81,9.2
2021-01-13,4.4,80,14.7
2021-01-14,7.6,77,13.0
2021-01-15,6.3,79,15.7
2021-01-16,4.0,62,19.7
2021-01-17,1.2,84,21.5
2021-01-18,3.3,78,15.6
2021-01-19,4.4,79,11.3
2021-01-20,8.7,80,15.0
2021-01-21,11.9,83,21.6
2021-01-22,12.7,85,35.0
2021-01-23,11.2,66,29.8
2021-01-24,9.5,85,21.0
2021-01-25,7.6,82,31.3
2021-01-26,4.6,73,20.6
2021-01-27,2.9,70,8.6
2021-01-28,5.1,68,12.2
2021-01-29,9.9,84,19.7
2021-01-30,9.5,83,28.3
2021-01-31,10.5,88,25.6
2021-02-01,8.9,88,10.1
2021-02-02,9.1,85,9.8
2021-02-03,10.9,84,15.9
2021-02-04,12.9,80,14.0
2021-02-05,11.3,79,7.9
2021-02-06,13.3,64,20.1
2021-02-07,13.6,73,31.1
2021-02-08,11.3,78,26.2
2021-02-09,12.1,82,22.9
2021-02-10,12.4,85,25.8
2021-02-11,9.9,85,7.8
2021-02-12,9.3,81,10.1
2021-02-13,6.1,72,29.9
2021-02-14,2.2,46,29.4
2021-02-15,2.7,58,16.3
2021-02-16,3.6,68,7.4
2021-02-17,7.4,82,8.7
2021-02-18,7.4,82,11.2
2021-02-19,8.3,82,11.1
2021-02-20,10.0,81,10.1
2021-02-21,8.9,84,8.6
2021-02-22,9.9,83,10.9
2021-02-23,10.0,87,9.5
2021-02-24,10.3,82,8.9
2021-02-25,10.4,82,12.0
2021-02-26,10.3,86,11.0
2021-02-27,10.4,89,9.8
2021-02-28,10.6,75,9.3
2021-03-01,9.0,75,12.4
2021-03-02,8.7,75,10.1
2021-03-03,8.6,78,12.0
2021-03-04,9.2,81,10.7
2021-03-05,9.5,82,10.4
2021-03-06,11.0,86,6.7
2021-03-07,9.4,90,10.2
2021-03-08,10.0,90,14.8
2021-03-09,9.4,91,14.2
2021-03-10,9.4,66,21.3
2021-03-11,8.2,68,16.6
2021-03-12,12.5,75,16.6
2021-03-13,12.8,81,14.6
2021-03-14,11.1,74,23.0
2021-03-15,8.7,66,17.0
2021-03-16,7.7,67,22.3
2021-03-17,6.6,66,13.7
2021-03-18,5.8,71,12.8
2021-03-19,6.1,68,11.7
2021-03-20,7.8,58,17.0
2021-03-21,7.7,52,19.5
2021-03-22,7.5,53,26.3
2021-03-23,7.3,47,23.4
2021-03-24,8.1,61,16.2
2021-03-25,8.8,74,14.5
2021-03-26,10.6,79,13.0
2021-03-27,11.5,78,13.0
2021-03-28,12.0,79,12.4
2021-03-29,12.5,76,15.4
2021-03-30,13.6,71,14.2
2021-03-31,13.9,69,15.8
2021-04-01,14.4,75,13.3
2021-04-02,14.5,83,14.0
2021-04-03,13.4,81,16.9
2021-04-04,13.3,62,15.3
2021-04-05,11.6,61,11.2
2021-04-06,11.8,72,24.2
2021-04-07,8.3,50,22.3
2021-04-08,7.1,47,19.5
2021-04-09,8.1,61,16.3
2021-04-10,11.3,61,18.4
2021-04-11,12.9,71,22.8
2021-04-12,12.3,83,21.2
2021-04-13,11.1,77,15.5
2021-04-14,9.7,72,13.8
2021-04-15,10.1,75,10.5
2021-04-16,10.0,74,17.4
2021-04-17,10.5,58,15.6
2021-04-18,9.5,76,12.1
2021-04-19,9.2,83,8.3
2021-04-20,9.6,82,17.4
2021-04-21,10.8,76,12.0
2021-04-22,12.4,82,8.9
2021-04-23,13.5,78,19.5
2021-04-24,14.2,64,19.6
2021-04-25,13.7,71,16.6
2021-04-26,14.6,68,18.7
2021-04-27,15.0,82,16.1
2021-04-28,15.5,87,17.2
2021-04-29,15.4,87,14.4
2021-04-30,17.7,80,13.9
2021-05-01,17.3,83,25.6
2021-05-02,15.5,77,19.4
2021-05-03,14.5,71,14.9
2021-05-04,12.3,79,12.9
2021-05-05,14.7,74,18.1
2021-05-06,16.8,70,19.8
2021-05-07,16.9,71,18.3
2021-05-08,17.6,74,18.1
2021-05-09,18.5,75,15.1
2021-05-10,19.5,65,17.0
2021-05-11,17.6,75,25.3
2021-05-12,16.3,76,16.1
2021-05-13,15.6,76,19.7
2021-05-14,13.7,82,19.3
2021-05-15,14.7,77,19.0
2021-05-16,16.8,68,16.2
2021-05-17,17.7,69,20.0
2021-05-18,15.5,65,19.1
2021-05-19,16.9,73,17.9
2021-05-20,16.2,57,14.1
2021-05-21,16.0,64,16.8
2021-05-22,18.3,53,24.7
2021-05-23,20.0,67,20.5
2021-05-24,21.1,67,30.9
2021-05-25,18.8,75,16.7
2021-05-26,17.9,60,15.6
2021-05-27,17.7,64,17.2
2021-05-28,19.2,63,17.6
2021-05-29,20.1,57,18.4
2021-05-30,18.7,76,11.0
2021-05-31,18.4,64,21.4
2021-06-01,18.3,62,20.3
2021-06-02,19.1,60,18.2
2021-06-03,21.4,49,17.6
2021-06-04,21.8,48,17.7
2021-06-05,20.4,62,10.5
2021-06-06,20.7,65,18.8
2021-06-07,20.3,79,17.6
2021-06-08,19.5,88,10.8
2021-06-09,20.6,79,12.4
2021-06-10,21.3,69,13.0
2021-06-11,21.4,72,10.2
2021-06-12,21.8,69,14.3
2021-06-13,22.7,69,16.1
2021-06-14,23.4,74,15.1
2021-06-15,22.3,71,17.7
2021-06-16,22.2,73,19.1
2021-06-17,23.3,70,19.9
2021-06-18,23.6,65,14.6
2021-06-19,23.8,62,15.5
2021-06-20,24.8,59,21.9
2021-06-21,26.6,56,18.0
2021-06-22,26.3,64,16.7
2021-06-23,26.6,67,20.9
2021-06-24,25.7,72,16.1
2021-06-25,25.3,67,18.1
2021-06-26,24.6,58,16.4
2021-06-27,26.3,50,13.8
2021-06-28,27.4,53,19.9
2021-06-29,26.5,68,23.2
2021-06-30,25.6,66,20.9
2021-07-01,25.2,62,22.2
2021-07-02,25.2,57,19.2
2021-07-03,25.7,56,17.7
2021-07-04,26.2,60,19.7
2021-07-05,26.0,65,25.1
2021-07-06,27.3,58,15.7
2021-07-07,27.5,58,21.7
2021-07-08,27.3,60,24.4
2021-07-09,26.9,63,16.9
2021-07-10,26.2,58,20.4
2021-07-11,26.1,56,21.5
2021-07-12,26.3,58,20.0
2021-07-13,26.9,54,28.0
2021-07-14,23.7,58,21.9
2021-07-15,22.9,65,20.6
2021-07-16,22.0,74,14.1
2021-07-17,21.2,79,24.2
2021-07-18,24.2,67,18.4
2021-07-19,25.1,61,17.7
2021-07-20,25.2,60,19.8
2021-07-21,26.8,57,18.6
2021-07-22,27.5,55,15.6
2021-07-23,27.2,60,19.7
2021-07-24,27.0,60,18.4
2021-07-25,28.8,39,24.7
2021-07-26,29.8,30,22.6
2021-07-27,28.6,42,22.7
2021-07-28,28.8,37,18.0
2021-07-29,28.7,44,21.4
2021-07-30,28.4,59,16.9
2021-07-31,28.5,60,23.3
2021-08-01,28.4,52,20.3
2021-08-02,25.1,59,20.7
2021-08-03,24.8,60,18.7
2021-08-04,26.8,59,20.5
2021-08-05,24.9,70,18.5
2021-08-06,25.4,63,16.6
2021-08-07,26.8,57,19.6
2021-08-08,28.0,55,21.4
2021-08-09,27.3,74,22.0
2021-08-10,28.4,57,18.7
2021-08-11,29.9,43,20.5
2021-08-12,29.7,46,20.0
2021-08-13,30.4,43,15.5
2021-08-14,30.7,42,17.4
2021-08-15,29.8,43,19.3
2021-08-16,28.6,55,23.8
2021-08-17,27.7,63,17.0
2021-08-18,26.9,66,16.5
2021-08-19,26.0,71,13.5
2021-08-20,25.7,68,13.4
2021-08-21,26.1,64,20.3
2021-08-22,26.6,60,19.7
2021-08-23,25.5,71,19.2
2021-08-24,24.4,74,10.4
2021-08-25,23.6,75,12.9
2021-08-26,23.8,72,15.8
2021-08-27,23.7,74,25.0
2021-08-28,23.1,69,15.5
2021-08-29,21.4,48,19.9
2021-08-30,21.1,57,16.7
2021-08-31,21.6,64,17.1
2021-09-01,23.0,62,17.9
2021-09-02,23.3,59,19.4
2021-09-03,23.9,61,12.1
2021-09-04,23.7,66,13.6
2021-09-05,24.2,58,15.6
2021-09-06,23.3,57,14.0
2021-09-07,23.3,54,16.3
2021-09-08,23.7,56,15.5
2021-09-09,22.2,64,15.1
2021-09-10,22.9,62,13.2
2021-09-11,23.6,59,16.3
2021-09-12,22.5,62,16.8
2021-09-13,23.0,63,14.8
2021-09-14,23.1,65,17.9
2021-09-15,23.6,66,14.5
2021-09-16,24.8,55,17.0
2021-09-17,23.1,79,18.6
2021-09-18,23.2,77,13.3
2021-09-19,22.0,78,20.4
2021-09-20,21.3,69,14.7
2021-09-21,21.4,69,10.2
2021-09-22,20.8,65,13.5
2021-09-23,20.0,60,16.2
2021-09-24,20.7,72,16.8
2021-09-25,22.0,69,12.2
2021-09-26,22.9,72,16.9
2021-09-27,23.1,80,13.7
2021-09-28,22.3,80,16.6
2021-09-29,22.0,77,11.1
2021-09-30,21.5,76,11.3
2021-10-01,21.1,69,11.7
2021-10-02,19.8,78,8.4
2021-10-03,19.8,74,18.5
2021-10-04,22.2,68,20.2
2021-10-05,19.6,79,20.1
2021-10-06,17.7,79,21.7
2021-10-07,14.9,84,20.6
2021-10-08,15.8,74,20.2
2021-10-09,16.6,67,16.5
2021-10-10,14.8,58,27.4
2021-10-11,12.7,68,23.8
2021-10-12,13.5,72,12.3
2021-10-13,14.2,62,20.8
2021-10-14,12.9,46,27.0
2021-10-15,13.0,51,25.6
2021-10-16,13.0,67,15.5
2021-10-17,14.2,71,13.6
2021-10-18,14.7,67,8.1
2021-10-19,14.1,67,11.1
2021-10-20,14.5,69,15.9
2021-10-21,16.9,76,21.3
2021-10-22,18.2,81,18.5
2021-10-23,16.5,89,12.1
2021-10-24,17.0,69,13.9
2021-10-25,16.1,64,9.0
2021-10-26,14.9,90,7.6
2021-10-27,15.1,79,10.5
2021-10-28,13.3,75,9.1
2021-10-29,12.8,79,8.8
2021-10-30,13.3,79,8.4
2021-10-31,13.7,83,9.0
2021-11-01,16.4,88,21.7
2021-11-02,15.8,82,13.7
2021-11-03,15.7,87,20.4
2021-11-04,14.8,80,21.2
2021-11-05,11.0,84,13.8
2021-11-06,13.7,82,17.0
2021-11-07,17.1,77,20.9
2021-11-08,15.2,91,9.4
2021-11-09,14.5,89,14.8
2021-11-10,17.2,76,15.9
2021-11-11,15.8,92,14.4
2021-11-12,14.7,87,10.4
2021-11-13,12.6,87,8.2
2021-11-14,13.6,81,16.3
2021-11-15,14.5,78,16.0
2021-11-16,12.4,91,14.1
2021-11-17,11.9,88,15.5
2021-11-18,12.3,83,9.3
2021-11-19,11.7,84,9.0
2021-11-20,10.6,83,7.6
2021-11-21,10.6,86,8.3
2021-11-22,12.3,90,10.0
2021-11-23,12.0,86,18.4
2021-11-24,11.4,78,11.5
2021-11-25,12.7,84,20.9
2021-11-26,10.4,89,17.3
2021-11-27,11.4,78,18.4
2021-11-28,10.2,76,24.3
2021-11-29,6.2,83,24.1
2021-11-30,5.0,71,24.5
2021-12-01,9.1,80,19.6
2021-12-02,10.9,91,26.5
2021-12-03,9.6,83,18.4
2021-12-04,7.9,79,19.9
2021-12-05,10.8,80,19.5
2021-12-06,6.4,83,26.1
2021-12-07,5.3,70,22.9
2021-12-08,8.3,74,28.0
2021-12-09,7.9,83,21.6
2021-12-10,5.8,86,29.1
2021-12-11,6.6,80,31.1
2021-12-12,7.1,65,28.5
2021-12-13,4.9,71,9.1
2021-12-14,7.1,76,14.8
2021-12-15,7.1,81,11.4
2021-12-16,6.7,82,9.4
2021-12-17,6.5,82,10.0
2021-12-18,5.6,73,17.8
2021-12-19,4.6,73,12.0
2021-12-20,5.5,80,13.5
2021-12-21,5.2,84,9.4
2021-12-22,7.6,85,8.3
2021-12-23,6.8,88,9.8
2021-12-24,11.1,87,15.6
2021-12-25,13.2,89,25.7
2021-12-26,11.5,93,13.1
2021-12-27,10.4,91,10.6
2021-12-28,11.2,90,11.5
2021-12-29,11.8,89,12.2
2021-12-30,9.1,89,7.5
2021-12-31,9.3,83,7.8
2022-01-01,7.9,91,7.9
2022-01-02,7.8,92,9.2
2022-01-03,8.9,89,7.6
2022-01-04,12.0,84,15.9
2022-01-05,13.1,79,28.1
2022-01-06,8.8,75,21.1
2022-01-07,7.2,78,10.9
2022-01-08,4.3,75,13.1
2022-01-09,4.3,79,25.4
2022-01-10,5.9,70,29.0
2022-01-11,7.4,64,29.5
2022-01-12,6.4,59,34.2
2022-01-13,4.6,67,15.5
2022-01-14,4.0,71,9.8
2022-01-15,5.3,80,10.0
2022-01-16,5.6,85,8.9
2022-01-17,5.7,83,11.6
2022-01-18,4.8,82,8.8
2022-01-19,5.3,82,11.3
2022-01-20,8.8,87,15.6
2022-01-21,6.9,83,13.8
2022-01-22,4.6,66,9.2
2022-01-23,3.8,75,9.1
2022-01-24,5.1,71,16.2
2022-01-25,3.8,66,12.3
2022-01-26,4.3,77,13.0
2022-01-27,4.7,85,7.6
2022-01-28,7.1,79,15.3
2022-01-29,5.6,66,14.2
2022-01-30,5.3,71,8.7
2022-01-31,6.3,89,17.4
2022-02-01,7.6,61,29.0
2022-02-02,6.5,68,10.8
2022-02-03,7.3,71,10.3
2022-02-04,10.3,75,19.2
2022-02-05,10.5,85,8.1
2022-02-06,8.3,84,10.8
2022-02-07,10.6,70,26.0
2022-02-08,6.7,56,13.6
2022-02-09,7.2,65,10.2
2022-02-10,8.2,72,8.9
2022-02-11,7.4,76,9.0
2022-02-12,7.9,75,8.9
2022-02-13,9.0,80,10.1
2022-02-14,10.1,83,15.8
2022-02-15,10.8,78,25.3
2022-02-16,8.5,81,15.7
2022-02-17,8.3,78,8.4
2022-02-18,10.6,82,10.2
2022-02-19,12.2,79,16.9
2022-02-20,11.7,81,9.8
2022-02-21,11.4,82,23.0
2022-02-22,9.7,61,27.1
2022-02-23,8.6,64,13.1
2022-02-24,9.0,71,13.6
2022-02-25,8.7,79,16.7
2022-02-26,6.7,74,32.2
2022-02-27,6.9,63,27.7
2022-02-28,7.4,63,19.8
2022-03-01,5.6,52,25.7
2022-03-02,5.3,63,17.3
2022-03-03,6.3,68,11.8
2022-03-04,6.0,78,10.5
2022-03-05,6.1,63,25.8
2022-03-06,5.5,61,20.1
2022-03-07,5.4,64,23.0
2022-03-08,4.7,54,26.2
2022-03-09,5.9,58,15.5
2022-03-10,7.1,67,12.6
2022-03-11,7.5,68,13.2
2022-03-12,8.8,65,19.1
2022-03-13,7.7,61,13.0
2022-03-14,9.0,68,12.5
2022-03-15,9.6,72,16.4
2022-03-16,10.7,76,13.0
2022-03-17,12.6,73,12.0
2022-03-18,12.7,63,11.7
2022-03-19,12.2,59,13.5
2022-03-20,10.1,56,20.7
2022-03-21,8.6,64,21.4
2022-03-22,8.3,56,24.2
2022-03-23,10.0,56,16.7
2022-03-24,10.9,57,14.7
2022-03-25,11.7,59,18.0
2022-03-26,12.5,60,15.1
2022-03-27,15.2,47,21.9
2022-03-28,13.9,54,20.3
2022-03-29,12.7,65,15.8
2022-03-30,12.6,77,23.7
2022-03-31,14.1,85,23.8
2022-04-01,12.3,74,27.1
2022-04-02,7.6,66,25.5
2022-04-03,7.8,73,11.5
2022-04-04,9.3,69,9.7
2022-04-05,9.7,67,15.2
2022-04-06,9.4,77,15.3
2022-04-07,11.7,77,14.0
2022-04-08,14.2,76,23.2
2022-04-09,13.4,75,27.0
2022-04-10,10.6,56,31.4
2022-04-11,9.5,63,14.3
2022-04-12,11.2,67,13.2
2022-04-13,13.5,64,13.6
2022-04-14,14.5,66,13.0
2022-04-15,15.8,64,17.4
2022-04-16,16.4,61,20.6
2022-04-17,14.4,43,29.7
2022-04-18,12.9,43,26.2
2022-04-19,12.4,58,18.9
2022-04-20,14.9,67,16.0
2022-04-21,16.6,74,18.0
2022-04-22,14.5,76,19.3
2022-04-23,15.7,69,22.8
2022-04-24,15.2,72,23.3
2022-04-25,14.3,80,16.0
2022-04-26,14.8,71,15.5
2022-04-27,15.1,69,16.1
2022-04-28,16.7,60,19.8
2022-04-29,16.7,52,20.3
2022-04-30,15.6,58,16.8
2022-05-01,14.3,66,11.2
2022-05-02,15.6,63,10.9
2022-05-03,15.4,72,14.3
2022-05-04,16.0,73,20.5
2022-05-05,15.6,76,13.9
2022-05-06,17.7,72,19.6
2022-05-07,16.7,70,15.7
2022-05-08,16.1,75,11.6
2022-05-09,16.4,75,13.6
2022-05-10,18.0,69,14.3
2022-05-11,18.5,71,16.6
2022-05-12,19.7,65,18.6
2022-05-13,19.9,62,16.1
2022-05-14,19.7,58,15.0
2022-05-15,19.4,65,17.7
2022-05-16,20.8,62,18.2
2022-05-17,21.5,56,17.5
2022-05-18,22.6,57,17.2
2022-05-19,21.3,54,22.0
2022-05-20,21.3,55,23.2
2022-05-21,21.1,58,18.5
2022-05-22,21.5,73,17.3
2022-05-23,22.2,63,15.4
2022-05-24,23.4,50,22.5
2022-05-25,24.6,44,22.5
2022-05-26,25.4,42,19.0
2022-05-27,27.0,40,17.9
2022-05-28,25.9,47,15.8
2022-05-29,23.3,60,21.6
2022-05-30,23.6,58,19.2
2022-05-31,24.1,61,22.0
2022-06-01,23.3,73,18.3
2022-06-02,25.2,59,20.5
2022-06-03,25.9,50,19.7
2022-06-04,27.1,45,17.4
2022-06-05,26.6,44,18.9
2022-06-06,27.2,43,21.3
2022-06-07,26.0,50,20.6
2022-06-08,24.7,59,18.8
2022-06-09,22.3,66,22.5
2022-06-10,23.6,52,28.2
2022-06-11,24.9,48,26.5
2022-06-12,26.0,42,24.5
2022-06-13,24.4,46,20.2
2022-06-14,24.6,58,18.9
2022-06-15,25.1,61,16.4
2022-06-16,26.2,56,20.1
2022-06-17,26.2,62,17.3
2022-06-18,26.0,52,20.3
2022-06-19,25.3,41,18.3
2022-06-20,25.3,47,19.3
2022-06-21,25.6,51,19.9
2022-06-22,27.2,44,20.9
2022-06-23,26.2,57,14.3
2022-06-24,26.6,63,18.5
2022-06-25,26.2,58,20.9
2022-06-26,28.6,48,20.6
2022-06-27,30.5,37,26.7
2022-06-28,29.7,45,26.4
2022-06-29,27.6,63,20.8
2022-06-30,27.7,52,16.6
2022-07-01,28.2,40,21.4
2022-07-02,28.7,40,19.2
2022-07-03,29.8,43,22.7
2022-07-04,30.5,44,18.2
2022-07-05,29.5,47,16.5
2022-07-06,29.0,52,19.7
2022-07-07,27.7,68,16.1
2022-07-08,25.3,51,28.6
2022-07-09,25.7,38,29.4
2022-07-10,24.6,44,21.0
2022-07-11,25.6,58,19.1
2022-07-12,26.3,61,19.1
2022-07-13,26.2,59,21.6
2022-07-14,26.2,59,17.6
2022-07-15,28.0,57,20.9
2022-07-16,28.3,55,18.3
2022-07-17,29.2,49,18.3
2022-07-18,29.7,48,18.1
2022-07-19,29.4,49,20.7
2022-07-20,28.8,52,14.9
2022-07-21,29.4,60,21.7
2022-07-22,29.9,63,22.7
2022-07-23,29.5,62,19.8
2022-07-24,28.9,64,16.6
2022-07-25,29.8,62,18.9
2022-07-26,29.1,62,15.8
2022-07-27,28.9,64,17.7
2022-07-28,28.2,57,18.7
2022-07-29,27.5,61,18.4
2022-07-30,27.7,63,15.0
2022-07-31,28.7,51,23.4
2022-08-01,28.4,47,23.6
2022-08-02,28.9,52,20.1
2022-08-03,28.8,51,18.8
2022-08-04,29.1,57,19.8
2022-08-05,28.9,64,17.7
2022-08-06,30.1,60,20.0
2022-08-07,29.8,53,17.1
2022-08-08,28.8,52,17.5
2022-08-09,26.1,56,19.1
2022-08-10,27.0,55,16.3
2022-08-11,26.5,53,14.6
2022-08-12,25.6,53,9.3
2022-08-13,23.2,71,12.6
2022-08-14,24.0,58,18.8
2022-08-15,25.4,62,20.5
2022-08-16,26.5,70,12.5
2022-08-17,27.5,70,14.6
2022-08-18,29.0,60,29.9
2022-08-19,24.0,73,22.7
2022-08-20,24.1,71,19.3
2022-08-21,25.1,68,15.9
2022-08-22,24.8,65,11.8
2022-08-23,26.1,51,20.9
2022-08-24,25.0,57,19.4
2022-08-25,25.8,57,16.9
2022-08-26,26.9,58,14.7
2022-08-27,26.1,67,12.1
2022-08-28,23.8,77,18.4
2022-08-29,24.6,74,18.3
2022-08-30,26.0,70,16.2
2022-08-31,26.0,73,17.2
2022-09-01,22.9,77,15.7
2022-09-02,23.0,68,17.5
2022-09-03,24.0,71,17.1
2022-09-04,23.6,71,11.1
2022-09-05,24.1,69,20.5
2022-09-06,25.1,69,16.3
2022-09-07,25.6,69,15.7
2022-09-08,22.7,84,19.8
2022-09-09,24.5,75,19.1
2022-09-10,23.8,72,16.8
2022-09-11,22.9,67,12.2
2022-09-12,22.3,69,14.7
2022-09-13,22.4,69,12.4
2022-09-14,23.7,60,17.0
2022-09-15,23.9,75,29.6
2022-09-16,24.0,77,20.9
2022-09-17,21.0,62,32.2
2022-09-18,17.1,55,20.9
2022-09-19,18.4,68,13.8
2022-09-20,19.9,75,12.8
2022-09-21,18.4,66,14.7
2022-09-22,17.0,64,13.0
2022-09-23,16.4,62,15.5
2022-09-24,19.0,60,25.0
2022-09-25,18.6,81,20.3
2022-09-26,17.6,89,12.7
2022-09-27,19.2,71,28.2
2022-09-28,18.9,75,15.9
2022-09-29,17.8,84,20.3
2022-09-30,19.3,75,28.8
2022-10-01,18.2,76,13.9
2022-10-02,17.6,77,10.4
2022-10-03,19.2,78,11.2
2022-10-04,19.0,76,15.0
2022-10-05,18.2,83,13.0
2022-10-06,19.2,82,12.0
2022-10-07,18.3,80,8.2
2022-10-08,19.2,82,10.3
2022-10-09,18.7,80,7.1
2022-10-10,17.9,85,10.3
2022-10-11,17.5,85,14.3
2022-10-12,17.7,81,9.3
2022-10-13,17.7,85,13.5
2022-10-14,16.9,74,10.0
2022-10-15,16.3,78,11.3
2022-10-16,17.3,81,11.7
2022-10-17,18.0,78,7.9
2022-10-18,17.7,81,12.6
2022-10-19,18.1,81,9.4
2022-10-20,17.5,78,10.3
2022-10-21,17.6,76,13.3
2022-10-22,20.0,76,20.2
2022-10-23,20.0,78,13.6
2022-10-24,18.5,79,13.0
2022-10-25,19.0,78,10.6
2022-10-26,18.1,84,8.6
2022-10-27,18.2,78,6.8
2022-10-28,17.8,77,10.8
2022-10-29,17.1,75,9.0
2022-10-30,16.2,72,8.5
2022-10-31,16.2,71,8.2
2022-11-01,16.3,72,9.4
2022-11-02,15.2,77,8.9
2022-11-03,15.6,81,15.0
2022-11-04,16.7,85,26.0
2022-11-05,14.0,74,25.4
2022-11-06,14.2,64,25.8
2022-11-07,12.5,69,8.4
2022-11-08,11.7,78,7.7
2022-11-09,13.1,81,8.1
2022-11-10,15.2,81,8.5
2022-11-11,14.1,82,9.8
2022-11-12,12.1,80,9.0
2022-11-13,12.6,70,10.6
2022-11-14,11.9,88,15.3
2022-11-15,12.0,82,15.8
2022-11-16,15.3,91,19.6
2022-11-17,14.3,91,13.0
2022-11-18,15.6,88,18.4
2022-11-19,13.6,89,16.6
2022-11-20,11.3,77,24.5
2022-11-21,10.3,75,19.7
2022-11-22,12.5,86,31.4
2022-11-23,9.4,82,9.7
2022-11-24,11.2,79,8.1
2022-11-25,10.7,84,12.2
2022-11-26,10.5,78,27.7
2022-11-27,10.2,67,27.0
2022-11-28,8.5,82,8.5
2022-11-29,9.5,79,9.0
2022-11-30,8.7,74,20.8
2022-12-01,7.3,80,10.3
2022-12-02,9.7,84,9.5
2022-12-03,11.3,91,13.7
2022-12-04,12.3,84,17.4
2022-12-05,13.4,80,16.7
2022-12-06,13.0,77,10.5
2022-12-07,10.9,84,8.6
2022-12-08,12.7,84,14.8
2022-12-09,15.1,87,27.3
2022-12-10,14.2,91,21.3
2022-12-11,10.9,77,21.0
2022-12-12,6.6,73,9.0
2022-12-13,8.6,84,15.6
2022-12-14,10.0,91,14.9
2022-12-15,11.2,90,27.9
2022-12-16,13.9,90,21.0
2022-12-17,12.7,85,13.1
2022-12-18,10.4,86,9.8
2022-12-19,7.5,88,10.2
2022-12-20,6.6,81,6.9
2022-12-21,7.7,89,8.6
2022-12-22,11.1,91,8.8
2022-12-23,10.6,87,7.8
2022-12-24,11.9,88,7.6
2022-12-25,10.1,90,7.3
2022-12-26,10.8,88,9.1
2022-12-27,10.5,86,7.9
2022-12-28,10.2,89,6.7
2022-12-29,10.9,85,13.5
2022-12-30,13.0,83,16.4
2022-12-31,12.0,86,9.7
2023-01-01,10.1,92,7.9
2023-01-02,10.0,91,7.7
2023-01-03,10.6,89,7.9
2023-01-04,9.8,87,8.1
2023-01-05,8.7,92,7.7
2023-01-06,11.1,86,6.2
2023-01-07,9.4,88,7.1
2023-01-08,10.5,86,20.4
2023-01-09,12.5,83,26.6
2023-01-10,8.1,76,18.6
2023-01-11,6.2,70,9.5
2023-01-12,7.2,77,16.2
2023-01-13,7.3,83,11.5
2023-01-14,9.1,82,14.5
2023-01-15,9.8,85,17.2
2023-01-16,11.5,79,29.0
2023-01-17,11.8,86,28.5
2023-01-18,9.7,79,22.5
2023-01-19,6.9,76,23.8
2023-01-20,4.2,81,27.4
2023-01-21,4.8,71,27.7
2023-01-22,4.3,79,10.4
2023-01-23,3.8,86,9.7
2023-01-24,4.7,83,10.5
2023-01-25,6.7,76,16.7
2023-01-26,7.1,73,18.4
2023-01-27,5.7,76,16.2
2023-01-28,5.4,82,10.6
2023-01-29,4.5,75,10.8
2023-01-30,3.5,79,9.0
2023-01-31,6.1,73,13.7
2023-02-01,5.8,77,8.9
2023-02-02,6.5,81,9.0
2023-02-03,6.8,81,9.2
2023-02-04,7.7,81,11.7
2023-02-05,5.7,52,18.8
2023-02-06,3.4,57,16.9
2023-02-07,3.0,61,14.5
2023-02-08,2.8,62,14.6
2023-02-09,3.3,65,12.9
2023-02-10,3.8,66,17.2
2023-02-11,4.3,72,10.2
2023-02-12,5.2,71,10.6
2023-02-13,6.4,70,12.1
2023-02-14,6.7,78,8.9
2023-02-15,7.0,80,12.4
2023-02-16,7.3,85,10.3
2023-02-17,7.7,83,13.5
2023-02-18,8.4,80,13.4
2023-02-19,10.6,85,8.1
2023-02-20,9.8,86,10.0
2023-02-21,9.6,87,7.7
2023-02-22,10.7,83,12.0
2023-02-23,9.8,86,9.7
2023-02-24,10.4,77,12.3
2023-02-25,13.5,70,21.3
2023-02-26,11.1,89,18.3
2023-02-27,8.8,86,13.8
2023-02-28,9.3,77,20.5
2023-03-01,8.9,83,13.1
2023-03-02,9.3,77,22.3
2023-03-03,8.3,84,10.8
2023-03-04,9.1,74,11.4
2023-03-05,8.4,77,17.0
2023-03-06,9.9,79,16.6
2023-03-07,10.8,79,21.0
2023-03-08,12.6,84,21.0
2023-03-09,14.7,75,16.5
2023-03-10,13.5,86,25.1
2023-03-11,12.6,80,6.8
2023-03-12,14.2,74,11.9
2023-03-13,12.7,76,12.4
2023-03-14,12.8,79,34.4
2023-03-15,11.4,71,28.7
2023-03-16,9.5,55,18.3
2023-03-17,8.6,70,12.0
2023-03-18,10.0,77,14.7
2023-03-19,11.7,84,11.7
2023-03-20,11.2,92,8.8
2023-03-21,11.9,84,13.8
2023-03-22,12.3,82,11.8
2023-03-23,13.0,78,13.8
2023-03-24,12.6,83,12.7
2023-03-25,13.6,80,15.0
2023-03-26,12.6,77,22.8
2023-03-27,12.0,75,16.8
2023-03-28,9.8,60,19.1
2023-03-29,10.1,70,15.9
2023-03-30,12.5,75,16.6
2023-03-31,14.0,75,20.2
2023-04-01,14.1,74,20.2
2023-04-02,11.4,77,13.5
2023-04-03,12.7,56,28.2
2023-04-04,10.5,55,25.8
2023-04-05,8.8,76,16.0
2023-04-06,8.6,62,16.9
2023-04-07,9.3,64,14.4
2023-04-08,10.0,79,19.5
2023-04-09,10.1,74,24.9
2023-04-10,10.7,60,19.8
2023-04-11,10.6,71,17.3
2023-04-12,13.1,78,16.7
2023-04-13,13.1,74,26.9
2023-04-14,9.6,80,16.1
2023-04-15,11.2,84,23.0
2023-04-16,11.8,76,23.6
2023-04-17,13.6,66,19.2
2023-04-18,12.6,83,8.0
2023-04-19,12.4,82,12.1
2023-04-20,13.3,82,11.5
2023-04-21,14.6,73,11.5
2023-04-22,14.7,74,14.2
2023-04-23,15.9,64,15.5
2023-04-24,15.6,79,16.1
2023-04-25,14.6,76,13.4
2023-04-26,14.5,64,18.5
2023-04-27,14.4,66,14.8
2023-04-28,14.6,63,15.3
2023-04-29,16.1,69,13.5
2023-04-30,16.2,87,11.6
2023-05-01,15.7,90,8.0
2023-05-02,16.0,86,10.0
2023-05-03,15.5,86,7.7
2023-05-04,16.3,74,19.1
2023-05-05,16.8,74,17.4
2023-05-06,17.5,75,13.2
2023-05-07,17.7,75,14.4
2023-05-08,16.4,84,12.0
2023-05-09,18.1,78,16.6
2023-05-10,16.2,85,17.3
2023-05-11,16.0,79,18.9
2023-05-12,15.6,73,18.3
2023-05-13,14.2,84,12.1
2023-05-14,16.0,80,16.9
2023-05-15,15.3,79,22.1
2023-05-16,14.3,87,23.0
2023-05-17,15.5,87,8.7
2023-05-18,16.3,85,14.0
2023-05-19,17.8,81,15.3
2023-05-20,18.0,76,15.5
2023-05-21,17.7,80,11.7
2023-05-22,17.9,79,12.1
2023-05-23,18.3,79,8.3
2023-05-24,18.8,74,10.9
2023-05-25,19.0,78,11.9
2023-05-26,19.7,78,18.3
2023-05-27,20.9,70,9.7
2023-05-28,20.1,73,9.3
2023-05-29,19.8,77,9.7
2023-05-30,19.3,77,14.6
2023-05-31,18.8,77,10.0
2023-06-01,20.1,73,9.8
2023-06-02,19.5,78,8.1
2023-06-03,19.7,83,9.4
2023-06-04,19.4,82,13.3
2023-06-05,19.3,85,14.5
2023-06-06,19.8,80,10.2
2023-06-07,20.3,78,14.6
2023-06-08,20.8,78,13.7
2023-06-09,21.4,75,13.5
2023-06-10,21.5,78,16.1
2023-06-11,22.0,78,15.8
2023-06-12,21.8,78,12.7
2023-06-13,20.0,86,14.6
2023-06-14,19.7,88,14.0
2023-06-15,21.2,80,13.8
2023-06-16,21.7,62,21.1
2023-06-17,21.6,62,10.9
2023-06-18,21.9,71,12.7
2023-06-19,22.9,69,16.3
2023-06-20,23.2,63,15.9
2023-06-21,24.6,60,12.8
2023-06-22,25.7,63,12.4
2023-06-23,24.8,69,19.6
2023-06-24,24.2,75,14.5
2023-06-25,24.8,58,12.6
2023-06-26,25.0,60,19.9
2023-06-27,25.0,66,17.4
2023-06-28,25.0,70,17.9
2023-06-29,25.0,70,15.1
2023-06-30,23.8,76,17.9
2023-07-01,22.6,74,18.9
2023-07-02,23.4,73,14.8
2023-07-03,23.8,72,17.9
2023-07-04,23.8,73,13.5
2023-07-05,24.6,70,15.9
2023-07-06,25.1,67,18.2
2023-07-07,26.1,62,16.0
2023-07-08,27.3,63,17.6
2023-07-09,28.8,54,18.7
2023-07-10,29.1,52,18.4
2023-07-11,29.3,51,17.2
2023-07-12,29.2,45,22.0
2023-07-13,28.9,48,25.1
2023-07-14,27.5,66,17.1
2023-07-15,28.3,69,15.6
2023-07-16,28.9,60,16.1
2023-07-17,29.6,53,16.2
2023-07-18,30.9,51,17.9
2023-07-19,30.2,52,19.8
2023-07-20,29.4,57,16.1
2023-07-21,30.5,56,23.7
2023-07-22,29.7,64,23.8
2023-07-23,29.5,60,16.6
2023-07-24,31.4,53,24.5
2023-07-25,30.4,48,29.8
2023-07-26,26.6,53,16.8
2023-07-27,25.4,60,16.0
2023-07-28,25.1,58,19.7
2023-07-29,26.0,63,14.6
2023-07-30,27.1,67,19.4
2023-07-31,27.7,60,18.3
2023-08-01,26.5,67,20.6
2023-08-02,27.0,60,20.6
2023-08-03,27.5,64,17.9
2023-08-04,24.3,74,24.0
2023-08-05,20.9,74,19.1
2023-08-06,22.9,72,17.1
2023-08-07,22.6,69,15.6
2023-08-08,22.5,63,14.8
2023-08-09,22.3,66,15.9
2023-08-10,23.6,64,19.0
2023-08-11,25.1,63,21.1
2023-08-12,25.2,60,22.7
2023-08-13,25.4,56,18.8
2023-08-14,25.5,58,18.1
2023-08-15,25.2,68,18.9
2023-08-16,26.5,73,19.1
2023-08-17,27.5,65,16.5
2023-08-18,27.5,65,17.7
2023-08-19,29.6,52,18.4
2023-08-20,29.0,47,16.3
2023-08-21,29.7,47,19.1
2023-08-22,29.7,50,18.9
2023-08-23,29.6,49,22.7
2023-08-24,29.6,48,19.7
2023-08-25,29.4,50,21.0
2023-08-26,28.5,57,16.9
2023-08-27,28.7,47,22.4
2023-08-28,23.5,62,31.4
2023-08-29,19.7,76,28.3
2023-08-30,19.9,74,15.2
2023-08-31,20.8,73,10.6
2023-09-01,21.5,75,15.5
2023-09-02,22.7,75,13.8
2023-09-03,24.0,70,18.8
2023-09-04,24.5,52,25.9
2023-09-05,23.8,46,22.1
2023-09-06,23.5,54,22.3
2023-09-07,24.6,53,13.2
2023-09-08,24.7,55,18.7
2023-09-09,24.9,57,14.1
2023-09-10,24.8,56,16.9
2023-09-11,24.2,58,15.3
2023-09-12,23.0,63,14.9
2023-09-13,23.1,65,20.1
2023-09-14,23.4,72,12.8
2023-09-15,24.0,71,13.2
2023-09-16,23.5,74,12.6
2023-09-17,24.4,67,16.0
2023-09-18,25.0,61,19.8
2023-09-19,24.8,65,15.3
2023-09-20,23.0,73,14.2
2023-09-21,23.2,68,18.4
2023-09-22,23.6,74,23.0
2023-09-23,20.2,78,18.7
2023-09-24,18.5,71,26.5
2023-09-25,19.2,62,25.5
2023-09-26,20.9,68,17.9
2023-09-27,21.3,68,10.2
2023-09-28,21.0,71,10.7
2023-09-29,20.8,74,13.4
2023-09-30,20.4,73,10.1
2023-10-01,20.7,70,15.3
2023-10-02,20.7,72,12.0
2023-10-03,21.0,71,13.9
2023-10-04,20.6,73,15.3
2023-10-05,21.1,74,13.2
2023-10-06,20.8,76,13.2
2023-10-07,21.1,72,15.3
2023-10-08,21.1,69,15.2
2023-10-09,21.9,62,15.6
2023-10-10,21.4,66,7.7
2023-10-11,20.5,65,14.4
2023-10-12,20.4,69,14.2
2023-10-13,19.9,76,12.5
2023-10-14,20.3,77,17.8
2023-10-15,21.9,75,21.7
2023-10-16,17.1,88,17.7
2023-10-17,18.5,80,13.0
2023-10-18,19.0,75,10.3
2023-10-19,22.4,71,27.7
2023-10-20,23.2,67,30.5
2023-10-21,18.6,83,18.5
2023-10-22,18.3,77,13.4
2023-10-23,18.2,79,12.4
2023-10-24,18.8,80,26.1
2023-10-25,18.4,77,16.3
2023-10-26,18.6,82,20.4
2023-10-27,20.2,77,28.9
2023-10-28,18.6,75,14.8
2023-10-29,18.6,75,21.2
2023-10-30,20.8,62,37.1
2023-10-31,18.7,78,26.4
2023-11-01,14.7,87,12.2
2023-11-02,17.4,79,35.5
2023-11-03,16.1,73,40.8
2023-11-04,14.3,78,20.1
2023-11-05,18.1,76,35.4
2023-11-06,16.3,73,18.8
2023-11-07,14.9,86,13.0
2023-11-08,12.8,79,17.9
2023-11-09,11.7,76,13.6
2023-11-10,13.6,86,16.2
2023-11-11,12.6,75,9.4
2023-11-12,12.3,85,12.9
2023-11-13,12.5,86,9.2
2023-11-14,17.2,83,15.1
2023-11-15,17.9,84,16.4
2023-11-16,13.7,86,15.2
2023-11-17,16.0,81,18.9
2023-11-18,10.7,70,16.3
2023-11-19,11.2,78,11.3
2023-11-20,15.5,86,14.3
2023-11-21,15.5,83,17.8
2023-11-22,12.5,77,22.7
2023-11-23,13.0,72,25.2
2023-11-24,11.6,86,9.6
2023-11-25,9.2,63,37.1
2023-11-26,5.2,66,8.5
2023-11-27,8.0,76,17.1
2023-11-28,12.0,82,20.4
2023-11-29,8.0,81,11.0
2023-11-30,14.2,81,24.7
2023-12-01,17.0,75,23.9
2023-12-02,14.6,69,34.0
2023-12-03,10.4,72,18.0
2023-12-04,7.5,81,12.2
2023-12-05,10.0,84,16.4
2023-12-06,7.3,89,8.6
2023-12-07,5.1,84,10.6
2023-12-08,5.1,88,10.1
2023-12-09,7.9,83,10.1
2023-12-10,11.4,81,18.2
2023-12-11,10.6,82,15.8
2023-12-12,14.4,86,15.2
2023-12-13,15.3,79,19.2
2023-12-14,11.6,85,11.8
2023-12-15,9.8,68,25.6
2023-12-16,8.8,55,24.7
2023-12-17,5.7,77,12.7
2023-12-18,5.1,81,8.7
2023-12-19,6.4,80,9.2
2023-12-20,6.7,81,8.9
2023-12-21,6.9,83,9.4
2023-12-22,10.2,85,12.1
2023-12-23,8.5,85,13.4
2023-12-24,12.0,84,11.4
2023-12-25,12.1,83,13.2
2023-12-26,11.0,84,10.0
2023-12-27,8.6,85,9.4
2023-12-28,8.1,83,7.5
2023-12-29,10.2,81,6.4
2023-12-30,11.2,83,6.4
2023-12-31,10.8,85,13.0
2024-01-01,12.0,86,16.6
2024-01-02,8.7,87,11.8
2024-01-03,13.0,83,16.9
2024-01-04,12.5,83,11.3
2024-01-05,12.4,82,22.7
2024-01-06,12.6,85,23.0
2024-01-07,10.0,91,13.2
2024-01-08,9.0,80,20.2
2024-01-09,7.3,79,15.6
2024-01-10,7.2,82,10.8
2024-01-11,7.0,80,15.3
2024-01-12,5.5,76,16.3
2024-01-13,4.2,76,16.4
2024-01-14,7.2,82,11.6
2024-01-15,10.5,88,18.1
2024-01-16,9.2,88,14.3
2024-01-17,13.6,87,19.8
2024-01-18,14.6,79,28.3
2024-01-19,14.1,81,21.2
2024-01-20,8.2,63,26.9
2024-01-21,4.3,67,13.0
2024-01-22,4.1,76,9.7
2024-01-23,8.7,78,18.6
2024-01-24,7.4,83,9.0
2024-01-25,9.1,83,10.7
2024-01-26,9.3,86,8.1
2024-01-27,8.8,85,9.6
2024-01-28,7.5,78,9.0
2024-01-29,6.0,81,9.9
2024-01-30,5.7,77,8.1
2024-01-31,5.7,81,8.7
2024-02-01,6.6,79,9.4
2024-02-02,6.8,79,8.6
2024-02-03,8.1,78,7.2
2024-02-04,8.4,81,8.7
2024-02-05,9.6,84,12.0
2024-02-06,10.7,84,12.3
2024-02-07,10.5,86,15.1
2024-02-08,12.1,81,15.3
2024-02-09,13.5,72,27.4
2024-02-10,13.5,79,26.7
2024-02-11,11.1,85,21.7
2024-02-12,8.7,88,8.4
2024-02-13,9.6,76,16.9
2024-02-14,8.3,71,13.4
2024-02-15,8.4,73,8.9
2024-02-16,10.0,74,8.2
2024-02-17,9.9,74,7.8
2024-02-18,9.6,85,10.3
2024-02-19,10.6,85,8.1
2024-02-20,9.5,82,11.4
2024-02-21,9.0,75,13.2
2024-02-22,9.7,77,18.7
2024-02-23,13.0,80,36.0
2024-02-24,10.0,76,15.6
2024-02-25,10.0,74,11.8
2024-02-26,9.8,75,24.5
2024-02-27,13.6,76,25.0
2024-02-28,13.3,79,18.0
2024-02-29,11.8,82,13.1
2024-03-01,10.8,82,20.1
2024-03-02,12.0,82,11.0
2024-03-03,12.3,74,27.6
2024-03-04,10.1,80,11.9
2024-03-05,10.7,81,13.9
2024-03-06,9.4,77,19.5
2024-03-07,8.8,75,11.8
2024-03-08,9.4,74,19.3
2024-03-09,11.7,79,20.9
2024-03-10,13.0,78,31.5
2024-03-11,10.9,85,16.8
2024-03-12,10.7,80,12.1
2024-03-13,10.1,81,13.4
2024-03-14,10.5,82,12.8
2024-03-15,11.2,84,14.6
2024-03-16,12.1,85,9.4
2024-03-17,12.4,83,13.7
2024-03-18,12.7,86,17.1
2024-03-19,14.4,82,14.5
2024-03-20,12.6,80,18.5
2024-03-21,12.7,83,15.9
2024-03-22,13.7,76,16.5
2024-03-23,13.3,78,19.6
2024-03-24,13.9,74,21.9
2024-03-25,11.7,75,20.3
2024-03-26,12.9,84,27.0
2024-03-27,12.1,87,27.4
2024-03-28,13.7,80,32.8
2024-03-29,17.2,61,25.2
2024-03-30,17.4,51,26.6
2024-03-31,18.0,66,25.7
2024-04-01,16.3,67,29.2
2024-04-02,13.5,78,20.5
2024-04-03,12.9,80,16.9
2024-04-04,13.4,81,13.6
2024-04-05,13.7,80,13.5
2024-04-06,14.6,74,14.0
2024-04-07,14.9,71,11.3
2024-04-08,16.3,73,13.5
2024-04-09,17.2,67,16.1
2024-04-10,14.4,71,20.8
2024-04-11,13.3,76,14.3
2024-04-12,17.2,74,9.4
2024-04-13,18.5,71,14.6
2024-04-14,18.8,72,14.5
2024-04-15,17.7,65,19.6
2024-04-16,16.5,66,29.0
2024-04-17,14.6,62,18.8
2024-04-18,11.2,69,14.0
2024-04-19,12.2,62,23.0
2024-04-20,11.2,70,17.3
2024-04-21,12.3,64,23.8
2024-04-22,13.0,67,27.4
2024-04-23,11.5,69,22.7
2024-04-24,10.3,72,14.5
2024-04-25,11.0,74,15.7
2024-04-26,13.4,67,18.2
2024-04-27,15.6,63,20.5
2024-04-28,16.5,66,9.0
2024-04-29,17.9,69,17.9
2024-04-30,19.0,67,19.1
2024-05-01,16.3,81,28.5
2024-05-02,14.5,77,24.6
2024-05-03,13.5,81,19.7
2024-05-04,14.6,75,13.0
2024-05-05,15.5,75,13.9
2024-05-06,16.3,73,16.8
2024-05-07,16.2,80,18.4
2024-05-08,15.7,82,17.1
2024-05-09,18.2,80,12.0
2024-05-10,18.1,73,13.4
2024-05-11,17.6,68,18.3
2024-05-12,17.8,69,16.8
2024-05-13,18.3,69,9.4
2024-05-14,18.8,69,16.6
2024-05-15,20.0,72,22.7
2024-05-16,19.5,76,23.5
2024-05-17,19.5,68,15.3
2024-05-18,19.1,66,11.7
2024-05-19,18.5,82,12.0
2024-05-20,19.8,82,12.9
2024-05-21,19.1,80,18.1
2024-05-22,17.8,76,18.3
2024-05-23,18.0,73,19.4
2024-05-24,18.2,70,17.4
2024-05-25,18.2,76,16.3
2024-05-26,19.7,64,16.9
2024-05-27,19.9,69,17.1
2024-05-28,20.2,72,17.8
2024-05-29,20.1,77,13.8
2024-05-30,20.0,75,18.9
2024-05-31,20.1,68,28.7
2024-06-01,19.6,58,19.2
2024-06-02,17.7,78,11.0
2024-06-03,18.6,73,12.3
2024-06-04,19.5,68,17.9
2024-06-05,20.8,68,16.3
2024-06-06,22.7,63,19.7
2024-06-07,23.5,60,18.2
2024-06-08,24.7,57,17.5
2024-06-09,25.0,53,31.4
2024-06-10,22.8,69,21.8
2024-06-11,22.8,62,19.0
2024-06-12,22.1,67,18.8
2024-06-13,20.3,67,22.4
2024-06-14,20.6,65,17.6
2024-06-15,21.1,63,16.3
2024-06-16,22.6,66,21.0
2024-06-17,23.6,64,14.8
2024-06-18,25.9,54,17.1
2024-06-19,27.8,46,20.8
2024-06-20,29.8,39,13.2
2024-06-21,29.4,44,21.4
2024-06-22,25.6,54,23.7
2024-06-23,22.6,66,20.7
2024-06-24,21.8,65,15.9
2024-06-25,22.1,66,13.3
2024-06-26,22.9,65,17.7
2024-06-27,23.7,65,21.5
2024-06-28,25.8,62,19.6
2024-06-29,27.8,54,24.1
2024-06-30,26.7,59,21.9
2024-07-01,25.6,68,18.6
2024-07-02,26.2,54,17.6
2024-07-03,22.0,72,12.2
2024-07-04,23.0,72,21.7
2024-07-05,24.2,66,15.6
2024-07-06,24.9,61,19.5
2024-07-07,26.0,58,24.3
2024-07-08,26.5,64,18.6
2024-07-09,28.6,54,21.0
2024-07-10,29.4,44,20.2
2024-07-11,30.6,41,21.0
2024-07-12,29.0,44,17.8
2024-07-13,28.8,49,20.6
2024-07-14,28.5,58,15.7
2024-07-15,29.8,49,16.2
2024-07-16,29.2,51,20.7
2024-07-17,30.2,46,18.4
2024-07-18,29.5,51,17.2
2024-07-19,29.7,53,19.8
2024-07-20,29.1,59,19.4
2024-07-21,29.0,57,16.4
2024-07-22,28.7,52,22.9
2024-07-23,29.4,48,21.4
2024-07-24,29.5,53,21.2
2024-07-25,28.4,61,17.3
2024-07-26,28.8,54,17.2
2024-07-27,29.7,51,19.8
2024-07-28,30.1,49,20.0
2024-07-29,31.1,44,22.5
2024-07-30,30.3,50,22.4
2024-07-31,29.5,54,22.0
2024-08-01,29.9,51,17.9
2024-08-02,29.4,53,19.7
2024-08-03,28.0,64,13.5
2024-08-04,29.3,61,16.1
2024-08-05,28.6,61,15.6
2024-08-06,29.3,59,16.2
2024-08-07,28.8,66,16.3
2024-08-08,29.0,68,18.6
2024-08-09,29.5,59,17.1
2024-08-10,30.3,54,21.4
2024-08-11,30.8,48,24.7
2024-08-12,30.5,47,16.9
2024-08-13,29.5,59,13.5
2024-08-14,30.2,56,17.6
2024-08-15,29.8,55,23.9
2024-08-16,29.7,57,18.2
2024-08-17,28.8,61,15.6
2024-08-18,25.6,75,19.1
2024-08-19,24.3,72,11.0
2024-08-20,24.7,71,15.5
2024-08-21,26.8,67,17.9
2024-08-22,26.9,74,20.2
2024-08-23,27.8,68,15.5
2024-08-24,27.6,65,15.5
2024-08-25,27.1,65,19.6
2024-08-26,28.1,56,18.3
2024-08-27,27.4,56,8.7
2024-08-28,27.2,54,17.7
2024-08-29,27.3,55,15.5
2024-08-30,28.2,56,22.2
2024-08-31,28.5,54,22.4
2024-09-01,28.1,53,15.7
2024-09-02,27.0,56,14.4
2024-09-03,26.2,61,16.9
2024-09-04,25.3,69,14.4
2024-09-05,23.5,79,18.7
2024-09-06,24.3,70,15.1
2024-09-07,25.6,70,20.5
2024-09-08,27.5,59,35.8
2024-09-09,24.3,77,27.4
2024-09-10,23.6,63,17.7
2024-09-11,21.5,74,14.2
2024-09-12,20.7,80,20.6
2024-09-13,16.9,74,22.1
2024-09-14,16.3,62,19.8
2024-09-15,18.7,58,15.2
2024-09-16,18.3,72,14.7
2024-09-17,16.2,82,19.2
2024-09-18,16.9,85,9.5
2024-09-19,17.5,83,9.2
2024-09-20,17.9,78,10.3
2024-09-21,19.3,76,12.8
2024-09-22,19.6,78,10.7
2024-09-23,19.4,83,17.3
2024-09-24,19.8,82,15.3
2024-09-25,19.4,81,14.1
2024-09-26,21.0,79,24.4
2024-09-27,23.1,75,23.1
2024-09-28,20.6,79,18.8
2024-09-29,17.5,66,16.3
2024-09-30,16.6,70,11.1
2024-10-01,17.5,77,11.2
2024-10-02,19.1,79,21.8
2024-10-03,19.4,91,22.7
2024-10-04,16.8,77,25.7
2024-10-05,15.7,82,14.6
2024-10-06,14.8,82,8.4
2024-10-07,17.7,74,14.5
2024-10-08,19.1,81,29.7
2024-10-09,19.3,80,18.4
2024-10-10,20.5,79,28.6
2024-10-11,17.4,81,8.1
2024-10-12,16.0,78,9.9
2024-10-13,16.2,76,9.0
2024-10-14,16.7,79,8.3
2024-10-15,18.4,82,8.6
2024-10-16,18.4,87,9.5
2024-10-17,19.6,85,15.6
2024-10-18,19.2,87,11.3
2024-10-19,17.1,94,13.1
2024-10-20,16.7,89,16.3
2024-10-21,18.4,84,7.6
2024-10-22,18.5,89,11.4
2024-10-23,17.2,94,10.0
2024-10-24,18.0,91,9.1
2024-10-25,18.3,90,10.5
2024-10-26,18.0,87,10.2
2024-10-27,17.6,85,13.1
2024-10-28,17.3,82,6.9
2024-10-29,16.3,87,7.7
2024-10-30,15.7,88,7.0
2024-10-31,15.5,84,8.7
2024-11-01,14.9,82,8.8
2024-11-02,14.1,83,8.1
2024-11-03,14.1,81,9.3
2024-11-04,13.8,82,8.4
2024-11-05,13.3,84,8.3
2024-11-06,13.3,83,9.2
2024-11-07,13.0,83,9.2
2024-11-08,13.5,84,9.5
2024-11-09,14.4,84,8.7
2024-11-10,13.6,82,10.6
2024-11-11,11.8,81,11.5
2024-11-12,11.3,77,9.2
2024-11-13,9.8,83,8.4
2024-11-14,8.4,83,16.8
2024-11-15,8.5,75,16.2
2024-11-16,8.0,81,7.1
2024-11-17,9.2,79,6.7
2024-11-18,14.4,80,15.1
2024-11-19,15.1,82,12.3
2024-11-20,16.3,75,25.8
2024-11-21,11.6,72,15.6
2024-11-22,13.7,69,23.9
2024-11-23,6.5,65,11.2
2024-11-24,6.2,76,6.5
2024-11-25,7.3,85,8.2
2024-11-26,14.2,83,12.6
2024-11-27,13.6,82,7.7
2024-11-28,12.3,90,5.6
2024-11-29,12.2,82,12.2
2024-11-30,9.0,63,21.9
2024-12-01,9.0,74,19.4
2024-12-02,7.3,86,6.7
2024-12-03,8.3,85,10.5
2024-12-04,9.8,87,15.9
2024-12-05,9.5,72,23.3
2024-12-06,7.3,79,12.2
2024-12-07,8.5,81,20.2
2024-12-08,9.6,82,25.9
2024-12-09,8.2,82,12.5
2024-12-10,7.7,86,12.3
2024-12-11,7.7,89,10.9
2024-12-12,7.2,87,7.7
2024-12-13,8.8,84,10.7
2024-12-14,8.5,92,6.4
2024-12-15,7.5,87,12.6
2024-12-16,6.2,80,8.0
2024-12-17,6.6,82,6.7
2024-12-18,6.2,87,5.6
2024-12-19,9.9,83,18.0
2024-12-20,9.8,74,28.5
2024-12-21,6.9,68,25.1
2024-12-22,6.1,83,24.8
2024-12-23,7.0,67,31.0
2024-12-24,7.1,55,27.2
2024-12-25,7.8,65,23.8
2024-12-26,8.5,69,25.8
2024-12-27,6.2,82,10.8
2024-12-28,5.6,84,6.1
2024-12-29,5.7,83,7.1
2024-12-30,5.9,83,6.7
2024-12-31,5.4,89,6.9
2025-01-01,5.6,91,6.7
2025-01-02,6.5,87,9.5
2025-01-03,11.7,87,17.8
2025-01-04,7.5,91,8.8
2025-01-05,9.4,83,12.6
2025-01-06,13.4,78,17.0
2025-01-07,13.2,81,15.9
2025-01-08,11.2,82,12.9
2025-01-09,12.6,81,18.2
2025-01-10,12.5,85,15.0
2025-01-11,10.8,88,12.9
2025-01-12,8.0,57,26.2
2025-01-13,6.5,56,23.8
2025-01-14,6.0,62,19.3
2025-01-15,3.4,75,8.7
2025-01-16,6.0,72,8.2
2025-01-17,7.7,72,13.6
2025-01-18,8.9,75,15.4
2025-01-19,8.4,82,11.7
2025-01-20,9.0,91,11.3
2025-01-21,8.6,88,11.0
2025-01-22,8.1,86,10.9
2025-01-23,12.3,77,14.7
2025-01-24,11.6,84,6.0
2025-01-25,9.7,86,6.4
2025-01-26,11.1,84,20.9
2025-01-27,12.5,74,24.4
2025-01-28,13.7,76,24.1
2025-01-29,9.9,82,11.7
2025-01-30,7.6,84,4.9
2025-01-31,8.5,82,5.8
2025-02-01,8.2,80,8.1
2025-02-02,8.3,80,13.5
2025-02-03,9.3,80,10.8
2025-02-04,7.9,76,8.7
2025-02-05,6.8,79,7.2
2025-02-06,7.0,80,7.2
2025-02-07,7.6,80,9.6
2025-02-08,8.4,85,14.9
2025-02-09,11.7,81,12.3
2025-02-10,8.9,87,8.0
2025-02-11,8.7,88,7.2
2025-02-12,10.6,79,12.1
2025-02-13,10.4,85,8.5
2025-02-14,11.1,84,18.7
2025-02-15,7.9,75,25.1
2025-02-16,7.1,81,9.7
2025-02-17,7.9,79,9.3
2025-02-18,8.4,84,9.2
2025-02-19,8.7,90,8.6
2025-02-20,10.6,87,7.3
2025-02-21,9.3,84,6.7
2025-02-22,9.4,83,9.4
2025-02-23,9.4,83,8.7
2025-02-24,10.6,88,7.0
2025-02-25,11.8,89,12.1
2025-02-26,12.0,82,16.0
2025-02-27,10.4,79,8.3
2025-02-28,10.1,80,12.2
2025-03-01,9.9,88,11.7
2025-03-02,11.3,80,12.5
2025-03-03,9.7,78,10.2
2025-03-04,9.0,79,9.8
2025-03-05,9.5,77,10.1
2025-03-06,9.8,76,10.7
2025-03-07,10.6,75,9.2
2025-03-08,12.5,77,6.0
